<?xml version="1.0" encoding="UTF-8"?>
<Configuration>
   <!-- <Properties>
        <property name="LOG_FILE">${bundle:application:log.file.path}</property>
    </Properties>-->

    <Appenders>
        <springProfile name="dev">
            <Console name="Console" target="SYSTEM_OUT">
                <PatternLayout
                        pattern="%style{%d{ISO8601}}{black} %highlight{%-5level }[%style{%t}{bright,blue}] %style{%C{1.}}{bright,yellow}: %msg%n%throwable" />
            </Console>
        </springProfile>
        <springProfile name="prod">
           <!-- <Asynch>-->
        <RollingFile name="RollingFile"
                     fileName="${spring:log.file.path}"
                     filePattern="./logs/$${date:yyyy-MM}/entity-service-%d{-dd-MMMM-yyyy}-%i.log.gz">
            <PatternLayout>
                <pattern>%d %p %C{1.} [%t] %m%n</pattern>
            </PatternLayout>
            <Policies>
                <!-- rollover on startup, daily and when the file reaches
                    10 MegaBytes -->
               <!-- <OnStartupTriggeringPolicy />-->
                <SizeBasedTriggeringPolicy    size="10 MB" />
                <TimeBasedTriggeringPolicy />
            </Policies>
        </RollingFile>
          <!--  </Asynch>-->
    </springProfile>
    </Appenders>

    <Loggers>
        <springProfile name="dev">
        <!-- LOG everything at INFO level -->
        <Root level="info">
            <AppenderRef ref="Console" />
           <!-- <AppenderRef ref="RollingFile" />-->
        </Root>

        <!-- LOG  at TRACE level -->
        <Logger name="org.springframework" level="info" additivity="false">
            <AppenderRef ref="Console" />
        </Logger>
        <Logger name="com.takamol.qiwa.microservice.search" level="info" additivity="false">
            <AppenderRef ref="Console" />
        </Logger>
        <Logger name="org.springframework.data.elasticsearch.core" level="trace" additivity="false">
            <AppenderRef ref="Console" />
        </Logger>
        <Logger name="org.apache.logging" level="info" additivity="false">
            <AppenderRef ref="Console" />
        </Logger>

        </springProfile>
        <springProfile name="prod">
            <Root level="error">
                <AppenderRef ref="RollingFile" />
            </Root>
        </springProfile>

    </Loggers>

</Configuration>
